alignment_seed,source_git_commit,params_sha256,selection_path,summary_path,candidate_type,model_type,ablation,reranker_seed,metric_for_best,best_epoch,best_val_metric,stop_epoch,early_stopped,upper_bound_pct,base_top1_pct,base_top5_pct,base_top10_pct,base_top20_pct,base_mrr_raw,rerank_top1_pct,rerank_top5_pct,rerank_top10_pct,rerank_top20_pct,rerank_mrr_raw
42,a2280d2828ce872da1f69319b49e0ef7f1bed572,b6260dad043f9c0f1cb4ff36dc7b7bf8bac4481998aa36b4d55f44392e1b0bc6,checkpoints_align/a2280d2_massspecgym_nopretrain_valoverlapclean/alignment_selection.json,checkpoints_rerank/a2280d2_massspecgym_nopretrain_valoverlapclean_topk40_multiseed/summary.csv,formula,pointwise,full,42,mrr,21,0.7229610064858545,26,True,89.2572,63.1009,75.7861,80.8669,84.9339,0.6886,74.5842,82.2169,84.4042,86.6143,0.7816
42,a2280d2828ce872da1f69319b49e0ef7f1bed572,b6260dad043f9c0f1cb4ff36dc7b7bf8bac4481998aa36b4d55f44392e1b0bc6,checkpoints_align/a2280d2_massspecgym_nopretrain_valoverlapclean/alignment_selection.json,checkpoints_rerank/a2280d2_massspecgym_nopretrain_valoverlapclean_topk40_multiseed/summary.csv,formula,pointwise,full,43,mrr,7,0.723382279068502,12,True,89.2572,63.1009,75.7861,80.8669,84.9339,0.6886,73.9234,81.915,84.5238,86.6427,0.7757
42,a2280d2828ce872da1f69319b49e0ef7f1bed572,b6260dad043f9c0f1cb4ff36dc7b7bf8bac4481998aa36b4d55f44392e1b0bc6,checkpoints_align/a2280d2_massspecgym_nopretrain_valoverlapclean/alignment_selection.json,checkpoints_rerank/a2280d2_massspecgym_nopretrain_valoverlapclean_topk40_multiseed/summary.csv,formula,pointwise,full,44,mrr,8,0.72060144450847,13,True,89.2572,63.1009,75.7861,80.8669,84.9339,0.6886,73.4051,81.6758,84.5523,87.087,0.7718
42,a2280d2828ce872da1f69319b49e0ef7f1bed572,b6260dad043f9c0f1cb4ff36dc7b7bf8bac4481998aa36b4d55f44392e1b0bc6,checkpoints_align/a2280d2_massspecgym_nopretrain_valoverlapclean/alignment_selection.json,checkpoints_rerank/a2280d2_massspecgym_nopretrain_valoverlapclean_topk40_multiseed/summary.csv,formula,transformer,full,42,mrr,12,0.7220646105395899,17,True,89.2572,63.1009,75.7861,80.8669,84.9339,0.6886,74.7494,82.2511,84.4668,86.8934,0.7822
42,a2280d2828ce872da1f69319b49e0ef7f1bed572,b6260dad043f9c0f1cb4ff36dc7b7bf8bac4481998aa36b4d55f44392e1b0bc6,checkpoints_align/a2280d2_massspecgym_nopretrain_valoverlapclean/alignment_selection.json,checkpoints_rerank/a2280d2_massspecgym_nopretrain_valoverlapclean_topk40_multiseed/summary.csv,formula,transformer,full,43,mrr,6,0.723994986975384,11,True,89.2572,63.1009,75.7861,80.8669,84.9339,0.6886,74.2424,81.727,84.3529,86.62,0.7773
42,a2280d2828ce872da1f69319b49e0ef7f1bed572,b6260dad043f9c0f1cb4ff36dc7b7bf8bac4481998aa36b4d55f44392e1b0bc6,checkpoints_align/a2280d2_massspecgym_nopretrain_valoverlapclean/alignment_selection.json,checkpoints_rerank/a2280d2_massspecgym_nopretrain_valoverlapclean_topk40_multiseed/summary.csv,formula,transformer,full,44,mrr,10,0.7238930251858149,15,True,89.2572,63.1009,75.7861,80.8669,84.9339,0.6886,74.7095,81.9264,84.3074,86.8022,0.781
42,a2280d2828ce872da1f69319b49e0ef7f1bed572,b6260dad043f9c0f1cb4ff36dc7b7bf8bac4481998aa36b4d55f44392e1b0bc6,checkpoints_align/a2280d2_massspecgym_nopretrain_valoverlapclean/alignment_selection.json,checkpoints_rerank/a2280d2_massspecgym_nopretrain_valoverlapclean_topk40_multiseed/summary.csv,mass,pointwise,full,42,mrr,8,0.6492801135150534,13,True,83.8802,47.4596,63.5111,71.0242,77.7626,0.5503,67.6692,77.3923,80.2916,82.4447,0.7208
42,a2280d2828ce872da1f69319b49e0ef7f1bed572,b6260dad043f9c0f1cb4ff36dc7b7bf8bac4481998aa36b4d55f44392e1b0bc6,checkpoints_align/a2280d2_massspecgym_nopretrain_valoverlapclean/alignment_selection.json,checkpoints_rerank/a2280d2_massspecgym_nopretrain_valoverlapclean_topk40_multiseed/summary.csv,mass,pointwise,full,43,mrr,10,0.6512385354022238,15,True,83.8802,47.4596,63.5111,71.0242,77.7626,0.5503,68.0394,77.3297,80.1435,82.1542,0.7225
42,a2280d2828ce872da1f69319b49e0ef7f1bed572,b6260dad043f9c0f1cb4ff36dc7b7bf8bac4481998aa36b4d55f44392e1b0bc6,checkpoints_align/a2280d2_massspecgym_nopretrain_valoverlapclean/alignment_selection.json,checkpoints_rerank/a2280d2_massspecgym_nopretrain_valoverlapclean_topk40_multiseed/summary.csv,mass,pointwise,full,44,mrr,15,0.6473066087190312,20,True,83.8802,47.4596,63.5111,71.0242,77.7626,0.5503,66.6211,76.3386,79.8815,82.1884,0.7104
42,a2280d2828ce872da1f69319b49e0ef7f1bed572,b6260dad043f9c0f1cb4ff36dc7b7bf8bac4481998aa36b4d55f44392e1b0bc6,checkpoints_align/a2280d2_massspecgym_nopretrain_valoverlapclean/alignment_selection.json,checkpoints_rerank/a2280d2_massspecgym_nopretrain_valoverlapclean_topk40_multiseed/summary.csv,mass,transformer,full,42,mrr,6,0.650644540082891,11,True,83.8802,47.4596,63.5111,71.0242,77.7626,0.5503,68.74,77.774,80.3714,82.177,0.7287
42,a2280d2828ce872da1f69319b49e0ef7f1bed572,b6260dad043f9c0f1cb4ff36dc7b7bf8bac4481998aa36b4d55f44392e1b0bc6,checkpoints_align/a2280d2_massspecgym_nopretrain_valoverlapclean/alignment_selection.json,checkpoints_rerank/a2280d2_massspecgym_nopretrain_valoverlapclean_topk40_multiseed/summary.csv,mass,transformer,full,43,mrr,12,0.6502539758127874,17,True,83.8802,47.4596,63.5111,71.0242,77.7626,0.5503,68.3527,77.1759,79.7106,82.1542,0.7238
42,a2280d2828ce872da1f69319b49e0ef7f1bed572,b6260dad043f9c0f1cb4ff36dc7b7bf8bac4481998aa36b4d55f44392e1b0bc6,checkpoints_align/a2280d2_massspecgym_nopretrain_valoverlapclean/alignment_selection.json,checkpoints_rerank/a2280d2_massspecgym_nopretrain_valoverlapclean_topk40_multiseed/summary.csv,mass,transformer,full,44,mrr,16,0.6514247147758596,21,True,83.8802,47.4596,63.5111,71.0242,77.7626,0.5503,68.6546,77.1246,79.8986,82.2796,0.7254
43,28bdce232402cea3d656c790b12a9f32d1cc5382,b6260dad043f9c0f1cb4ff36dc7b7bf8bac4481998aa36b4d55f44392e1b0bc6,checkpoints_align/transfer2026_massspecgym_nopretrain_valoverlapclean_alignseed43/alignment_selection.json,checkpoints_rerank/transfer2026_massspecgym_nopretrain_valoverlapclean_alignseed43_topk40_multiseed/summary.csv,formula,pointwise,full,42,mrr,5,0.6603177897933404,10,True,81.653,45.0786,58.9086,65.818,73.5076,0.5185,69.7938,74.7779,76.9537,79.1752,0.7227
43,28bdce232402cea3d656c790b12a9f32d1cc5382,b6260dad043f9c0f1cb4ff36dc7b7bf8bac4481998aa36b4d55f44392e1b0bc6,checkpoints_align/transfer2026_massspecgym_nopretrain_valoverlapclean_alignseed43/alignment_selection.json,checkpoints_rerank/transfer2026_massspecgym_nopretrain_valoverlapclean_alignseed43_topk40_multiseed/summary.csv,formula,pointwise,full,43,mrr,9,0.6595867927565584,14,True,81.653,45.0786,58.9086,65.818,73.5076,0.5185,69.5944,74.6981,77.1132,79.329,0.7214
43,28bdce232402cea3d656c790b12a9f32d1cc5382,b6260dad043f9c0f1cb4ff36dc7b7bf8bac4481998aa36b4d55f44392e1b0bc6,checkpoints_align/transfer2026_massspecgym_nopretrain_valoverlapclean_alignseed43/alignment_selection.json,checkpoints_rerank/transfer2026_massspecgym_nopretrain_valoverlapclean_alignseed43_topk40_multiseed/summary.csv,formula,pointwise,full,44,mrr,4,0.6587510639085382,9,True,81.653,45.0786,58.9086,65.818,73.5076,0.5185,69.5318,74.6867,76.7259,79.1581,0.7202
43,28bdce232402cea3d656c790b12a9f32d1cc5382,b6260dad043f9c0f1cb4ff36dc7b7bf8bac4481998aa36b4d55f44392e1b0bc6,checkpoints_align/transfer2026_massspecgym_nopretrain_valoverlapclean_alignseed43/alignment_selection.json,checkpoints_rerank/transfer2026_massspecgym_nopretrain_valoverlapclean_alignseed43_topk40_multiseed/summary.csv,formula,transformer,full,42,mrr,15,0.6629336139003896,20,True,81.653,45.0786,58.9086,65.818,73.5076,0.5185,69.5717,74.9772,77.1132,79.386,0.7213
43,28bdce232402cea3d656c790b12a9f32d1cc5382,b6260dad043f9c0f1cb4ff36dc7b7bf8bac4481998aa36b4d55f44392e1b0bc6,checkpoints_align/transfer2026_massspecgym_nopretrain_valoverlapclean_alignseed43/alignment_selection.json,checkpoints_rerank/transfer2026_massspecgym_nopretrain_valoverlapclean_alignseed43_topk40_multiseed/summary.csv,formula,transformer,full,43,mrr,5,0.6614933216440506,10,True,81.653,45.0786,58.9086,65.818,73.5076,0.5185,69.0021,74.6924,76.9822,79.2607,0.7179
43,28bdce232402cea3d656c790b12a9f32d1cc5382,b6260dad043f9c0f1cb4ff36dc7b7bf8bac4481998aa36b4d55f44392e1b0bc6,checkpoints_align/transfer2026_massspecgym_nopretrain_valoverlapclean_alignseed43/alignment_selection.json,checkpoints_rerank/transfer2026_massspecgym_nopretrain_valoverlapclean_alignseed43_topk40_multiseed/summary.csv,formula,transformer,full,44,mrr,7,0.6621702213655896,12,True,81.653,45.0786,58.9086,65.818,73.5076,0.5185,69.3324,74.7266,76.6746,79.3518,0.7196
43,28bdce232402cea3d656c790b12a9f32d1cc5382,b6260dad043f9c0f1cb4ff36dc7b7bf8bac4481998aa36b4d55f44392e1b0bc6,checkpoints_align/transfer2026_massspecgym_nopretrain_valoverlapclean_alignseed43/alignment_selection.json,checkpoints_rerank/transfer2026_massspecgym_nopretrain_valoverlapclean_alignseed43_topk40_multiseed/summary.csv,mass,pointwise,full,42,mrr,12,0.6299826278710043,17,True,80.9809,35.9193,52.9278,61.5858,71.1722,0.4433,67.3958,74.6184,76.9537,78.9132,0.7077
43,28bdce232402cea3d656c790b12a9f32d1cc5382,b6260dad043f9c0f1cb4ff36dc7b7bf8bac4481998aa36b4d55f44392e1b0bc6,checkpoints_align/transfer2026_massspecgym_nopretrain_valoverlapclean_alignseed43/alignment_selection.json,checkpoints_rerank/transfer2026_massspecgym_nopretrain_valoverlapclean_alignseed43_topk40_multiseed/summary.csv,mass,pointwise,full,43,mrr,14,0.6306848925578094,19,True,80.9809,35.9193,52.9278,61.5858,71.1722,0.4433,66.6838,74.2652,76.5835,78.8733,0.7021
43,28bdce232402cea3d656c790b12a9f32d1cc5382,b6260dad043f9c0f1cb4ff36dc7b7bf8bac4481998aa36b4d55f44392e1b0bc6,checkpoints_align/transfer2026_massspecgym_nopretrain_valoverlapclean_alignseed43/alignment_selection.json,checkpoints_rerank/transfer2026_massspecgym_nopretrain_valoverlapclean_alignseed43_topk40_multiseed/summary.csv,mass,pointwise,full,44,mrr,8,0.6274996977164038,13,True,80.9809,35.9193,52.9278,61.5858,71.1722,0.4433,66.6838,74.288,76.8227,79.0955,0.7028
43,28bdce232402cea3d656c790b12a9f32d1cc5382,b6260dad043f9c0f1cb4ff36dc7b7bf8bac4481998aa36b4d55f44392e1b0bc6,checkpoints_align/transfer2026_massspecgym_nopretrain_valoverlapclean_alignseed43/alignment_selection.json,checkpoints_rerank/transfer2026_massspecgym_nopretrain_valoverlapclean_alignseed43_topk40_multiseed/summary.csv,mass,transformer,full,42,mrr,11,0.6325692461559217,16,True,80.9809,35.9193,52.9278,61.5858,71.1722,0.4433,67.9483,74.4987,76.6519,78.56,0.7107
43,28bdce232402cea3d656c790b12a9f32d1cc5382,b6260dad043f9c0f1cb4ff36dc7b7bf8bac4481998aa36b4d55f44392e1b0bc6,checkpoints_align/transfer2026_massspecgym_nopretrain_valoverlapclean_alignseed43/alignment_selection.json,checkpoints_rerank/transfer2026_massspecgym_nopretrain_valoverlapclean_alignseed43_topk40_multiseed/summary.csv,mass,transformer,full,43,mrr,4,0.6320056796062573,9,True,80.9809,35.9193,52.9278,61.5858,71.1722,0.4433,66.8831,74.1399,76.6689,78.7765,0.7036
43,28bdce232402cea3d656c790b12a9f32d1cc5382,b6260dad043f9c0f1cb4ff36dc7b7bf8bac4481998aa36b4d55f44392e1b0bc6,checkpoints_align/transfer2026_massspecgym_nopretrain_valoverlapclean_alignseed43/alignment_selection.json,checkpoints_rerank/transfer2026_massspecgym_nopretrain_valoverlapclean_alignseed43_topk40_multiseed/summary.csv,mass,transformer,full,44,mrr,7,0.631998212114905,12,True,80.9809,35.9193,52.9278,61.5858,71.1722,0.4433,66.735,74.3563,76.6689,79.1126,0.7032
44,28bdce232402cea3d656c790b12a9f32d1cc5382,b6260dad043f9c0f1cb4ff36dc7b7bf8bac4481998aa36b4d55f44392e1b0bc6,checkpoints_align/transfer2026_massspecgym_nopretrain_valoverlapclean_alignseed44/alignment_selection.json,checkpoints_rerank/transfer2026_massspecgym_nopretrain_valoverlapclean_alignseed44_topk40_multiseed/summary.csv,formula,pointwise,full,42,mrr,8,0.5842902825243775,13,True,75.6038,28.7309,45.1697,53.7537,64.149,0.3687,60.0023,66.473,70.0843,72.8811,0.632
44,28bdce232402cea3d656c790b12a9f32d1cc5382,b6260dad043f9c0f1cb4ff36dc7b7bf8bac4481998aa36b4d55f44392e1b0bc6,checkpoints_align/transfer2026_massspecgym_nopretrain_valoverlapclean_alignseed44/alignment_selection.json,checkpoints_rerank/transfer2026_massspecgym_nopretrain_valoverlapclean_alignseed44_topk40_multiseed/summary.csv,formula,pointwise,full,43,mrr,5,0.5845091956017224,10,True,75.6038,28.7309,45.1697,53.7537,64.149,0.3687,59.1479,66.6895,70.09,72.8469,0.6277
44,28bdce232402cea3d656c790b12a9f32d1cc5382,b6260dad043f9c0f1cb4ff36dc7b7bf8bac4481998aa36b4d55f44392e1b0bc6,checkpoints_align/transfer2026_massspecgym_nopretrain_valoverlapclean_alignseed44/alignment_selection.json,checkpoints_rerank/transfer2026_massspecgym_nopretrain_valoverlapclean_alignseed44_topk40_multiseed/summary.csv,formula,pointwise,full,44,mrr,23,0.5904721138448956,28,True,75.6038,28.7309,45.1697,53.7537,64.149,0.3687,60.1219,67.0369,70.3235,73.0349,0.6344
44,28bdce232402cea3d656c790b12a9f32d1cc5382,b6260dad043f9c0f1cb4ff36dc7b7bf8bac4481998aa36b4d55f44392e1b0bc6,checkpoints_align/transfer2026_massspecgym_nopretrain_valoverlapclean_alignseed44/alignment_selection.json,checkpoints_rerank/transfer2026_massspecgym_nopretrain_valoverlapclean_alignseed44_topk40_multiseed/summary.csv,formula,transformer,full,42,mrr,7,0.589188508541792,12,True,75.6038,28.7309,45.1697,53.7537,64.149,0.3687,59.7346,67.6236,70.6026,72.9494,0.6335
44,28bdce232402cea3d656c790b12a9f32d1cc5382,b6260dad043f9c0f1cb4ff36dc7b7bf8bac4481998aa36b4d55f44392e1b0bc6,checkpoints_align/transfer2026_massspecgym_nopretrain_valoverlapclean_alignseed44/alignment_selection.json,checkpoints_rerank/transfer2026_massspecgym_nopretrain_valoverlapclean_alignseed44_topk40_multiseed/summary.csv,formula,transformer,full,43,mrr,9,0.5858787415852557,14,True,75.6038,28.7309,45.1697,53.7537,64.149,0.3687,59.8428,67.1337,70.4602,72.7899,0.6336
44,28bdce232402cea3d656c790b12a9f32d1cc5382,b6260dad043f9c0f1cb4ff36dc7b7bf8bac4481998aa36b4d55f44392e1b0bc6,checkpoints_align/transfer2026_massspecgym_nopretrain_valoverlapclean_alignseed44/alignment_selection.json,checkpoints_rerank/transfer2026_massspecgym_nopretrain_valoverlapclean_alignseed44_topk40_multiseed/summary.csv,formula,transformer,full,44,mrr,10,0.5896743105794477,15,True,75.6038,28.7309,45.1697,53.7537,64.149,0.3687,59.8713,67.1337,70.0103,72.995,0.6332
44,28bdce232402cea3d656c790b12a9f32d1cc5382,b6260dad043f9c0f1cb4ff36dc7b7bf8bac4481998aa36b4d55f44392e1b0bc6,checkpoints_align/transfer2026_massspecgym_nopretrain_valoverlapclean_alignseed44/alignment_selection.json,checkpoints_rerank/transfer2026_massspecgym_nopretrain_valoverlapclean_alignseed44_topk40_multiseed/summary.csv,mass,pointwise,full,42,mrr,8,0.5458278495861443,13,True,72.2032,23.9121,40.7439,49.9487,60.0535,0.3226,57.4846,65.0433,67.7147,70.0103,0.6106
44,28bdce232402cea3d656c790b12a9f32d1cc5382,b6260dad043f9c0f1cb4ff36dc7b7bf8bac4481998aa36b4d55f44392e1b0bc6,checkpoints_align/transfer2026_massspecgym_nopretrain_valoverlapclean_alignseed44/alignment_selection.json,checkpoints_rerank/transfer2026_massspecgym_nopretrain_valoverlapclean_alignseed44_topk40_multiseed/summary.csv,mass,pointwise,full,43,mrr,13,0.5528831735872796,18,True,72.2032,23.9121,40.7439,49.9487,60.0535,0.3226,58.0485,65.2427,67.7204,70.0729,0.6143
44,28bdce232402cea3d656c790b12a9f32d1cc5382,b6260dad043f9c0f1cb4ff36dc7b7bf8bac4481998aa36b4d55f44392e1b0bc6,checkpoints_align/transfer2026_massspecgym_nopretrain_valoverlapclean_alignseed44/alignment_selection.json,checkpoints_rerank/transfer2026_massspecgym_nopretrain_valoverlapclean_alignseed44_topk40_multiseed/summary.csv,mass,pointwise,full,44,mrr,16,0.5501421546800853,21,True,72.2032,23.9121,40.7439,49.9487,60.0535,0.3226,57.815,64.7585,67.3502,69.7881,0.6116
44,28bdce232402cea3d656c790b12a9f32d1cc5382,b6260dad043f9c0f1cb4ff36dc7b7bf8bac4481998aa36b4d55f44392e1b0bc6,checkpoints_align/transfer2026_massspecgym_nopretrain_valoverlapclean_alignseed44/alignment_selection.json,checkpoints_rerank/transfer2026_massspecgym_nopretrain_valoverlapclean_alignseed44_topk40_multiseed/summary.csv,mass,transformer,full,42,mrr,17,0.5517266404897192,22,True,72.2032,23.9121,40.7439,49.9487,60.0535,0.3226,57.308,65.1401,67.7774,69.7311,0.6092
44,28bdce232402cea3d656c790b12a9f32d1cc5382,b6260dad043f9c0f1cb4ff36dc7b7bf8bac4481998aa36b4d55f44392e1b0bc6,checkpoints_align/transfer2026_massspecgym_nopretrain_valoverlapclean_alignseed44/alignment_selection.json,checkpoints_rerank/transfer2026_massspecgym_nopretrain_valoverlapclean_alignseed44_topk40_multiseed/summary.csv,mass,transformer,full,43,mrr,17,0.5540190865562276,22,True,72.2032,23.9121,40.7439,49.9487,60.0535,0.3226,57.234,64.5876,67.2648,69.4919,0.6069
44,28bdce232402cea3d656c790b12a9f32d1cc5382,b6260dad043f9c0f1cb4ff36dc7b7bf8bac4481998aa36b4d55f44392e1b0bc6,checkpoints_align/transfer2026_massspecgym_nopretrain_valoverlapclean_alignseed44/alignment_selection.json,checkpoints_rerank/transfer2026_massspecgym_nopretrain_valoverlapclean_alignseed44_topk40_multiseed/summary.csv,mass,transformer,full,44,mrr,10,0.5509921334539659,15,True,72.2032,23.9121,40.7439,49.9487,60.0535,0.3226,57.7296,65.0205,67.3844,69.5432,0.6111
